	accuracy	block	cue_onset	eight_IKI	five_IKI	four_IKI	max_time	move_offset	move_onset	movement_time	one_IKI	one_RT	pressed	seq_keys	seq_start	sequence	seven_IKI	six_IKI	subject	three_IKI	too_slow	two_IKI
0	0	1	4009		404.0	355.0	3000	10627	8154	1880	1030.0	1030	[3, 2, 4, 1, 2, 4]	[3, 2, 4, 1, 2, 4, 3, 1]	7124	A		319.0	122	384.0	1	418.0
1	0	1	11592		386.0	334.0	3000	18505	15524	2432	522.0	522	[4, 2, 3, 1, 4, 3, 2]	[4, 2, 3, 1, 4, 3, 2, 1]	15002	random	333.0	617.0	122	402.0	1	360.0
2	1	1	19672	260.0	353.0	397.0	3000	25616	23302	2314	518.0	518	[3, 2, 4, 1, 2, 4, 3, 1]	[3, 2, 4, 1, 2, 4, 3, 1]	22784	A	273.0	345.0	122	365.0	0	321.0
3	1	1	27730	184.0	321.0	290.0	3000	33144	31207	1937	365.0	365	[3, 2, 4, 1, 2, 4, 3, 1]	[3, 2, 4, 1, 2, 4, 3, 1]	30842	A	290.0	334.0	122	252.0	0	266.0
4	1	1	35058	266.0	308.0	284.0	3000	40332	38352	1980	283.0	283	[3, 2, 4, 1, 2, 4, 3, 1]	[3, 2, 4, 1, 2, 4, 3, 1]	38069	A	253.0	332.0	122	254.0	0	283.0
5	0	1	42453		416.0	317.0	3000	48406	46042	1860	467.0	467	[1, 2, 3, 4, 1, 2]	[1, 2, 3, 4, 1, 3, 2, 4]	45575	random			122	488.0	0	357.0
6	1	1	49770	201.0	292.0	333.0	3000	55408	53579	1829	299.0	299	[3, 2, 4, 1, 2, 4, 3, 1]	[3, 2, 4, 1, 2, 4, 3, 1]	53280	A	235.0	224.0	122	309.0	0	235.0
7	1	1	57523	213.0	252.0	223.0	3000	62819	61173	1646	236.0	236	[3, 2, 4, 1, 2, 4, 3, 1]	[3, 2, 4, 1, 2, 4, 3, 1]	60937	A	209.0	249.0	122	238.0	0	262.0
8	1	1	64538	184.0	231.0	154.0	3000	69465	67991	1474	241.0	241	[3, 2, 4, 1, 2, 4, 3, 1]	[3, 2, 4, 1, 2, 4, 3, 1]	67750	A	182.0	229.0	122	278.0	0	216.0
9	1	1	71679	221.0	216.0	175.0	3000	76610	75188	1422	286.0	286	[3, 2, 4, 1, 2, 4, 3, 1]	[3, 2, 4, 1, 2, 4, 3, 1]	74902	A	141.0	232.0	122	216.0	0	221.0
10	1	1	78425	207.0	389.0	293.0	3000	84391	82126	2265	490.0	490	[4, 2, 3, 1, 4, 2, 3, 1]	[4, 2, 3, 1, 4, 2, 3, 1]	81636	random	290.0	372.0	122	321.0	0	393.0
11	1	1	85905	206.0	214.0	264.0	3000	90874	89244	1630	328.0	328	[3, 2, 4, 1, 2, 4, 3, 1]	[3, 2, 4, 1, 2, 4, 3, 1]	88916	A	204.0	255.0	122	288.0	0	199.0
12	1	1	92589	187.0	230.0	229.0	3000	97552	95926	1626	327.0	327	[3, 2, 4, 1, 2, 4, 3, 1]	[3, 2, 4, 1, 2, 4, 3, 1]	95599	A	201.0	250.0	122	270.0	0	259.0
13	1	1	99067	167.0	206.0	185.0	3000	103821	102396	1425	319.0	319	[3, 2, 4, 1, 2, 4, 3, 1]	[3, 2, 4, 1, 2, 4, 3, 1]	102077	A	189.0	257.0	122	216.0	0	205.0
14	0	1	105635			369.0	3000	111248	109166	1577	411.0	411	[2, 1, 4, 3, 1]	[2, 1, 4, 3, 2, 1, 3, 4]	108755	random			122	385.0	0	492.0
15	0	1	112212		379.0	471.0	3000	119431	116528	2330	600.0	600	[2, 1, 4, 2, 3, 4]	[2, 1, 4, 2, 3, 4, 1, 3]	115928	B		506.0	122	430.0	1	544.0
16	1	1	121800	185.0	222.0	214.0	3000	127728	126241	1487	618.0	618	[3, 2, 4, 1, 2, 4, 3, 1]	[3, 2, 4, 1, 2, 4, 3, 1]	125623	A	195.0	228.0	122	231.0	0	212.0
17	1	1	129543	192.0	218.0	191.0	3000	134336	132858	1478	297.0	297	[3, 2, 4, 1, 2, 4, 3, 1]	[3, 2, 4, 1, 2, 4, 3, 1]	132561	A	183.0	246.0	122	240.0	0	208.0
18	0	1	136950		465.0	364.0	3000	144368	141458	2191	593.0	593	[2, 1, 4, 2, 3, 4]	[2, 1, 4, 2, 3, 4, 1, 3]	140865	B		418.0	122	432.0	1	512.0
19	1	1	145433	186.0	197.0	198.0	3000	150588	149201	1387	347.0	347	[3, 2, 4, 1, 2, 4, 3, 1]	[3, 2, 4, 1, 2, 4, 3, 1]	148854	A	171.0	215.0	122	237.0	0	183.0
20	1	1	152303	185.0	202.0	164.0	3000	157217	155856	1361	339.0	339	[3, 2, 4, 1, 2, 4, 3, 1]	[3, 2, 4, 1, 2, 4, 3, 1]	155517	A	187.0	240.0	122	200.0	0	183.0
21	0	1	158931		515.0	403.0	3000	165546	162510	2258	467.0	467	[2, 1, 4, 2, 3, 4, 1]	[2, 1, 4, 2, 3, 4, 1, 3]	162043	B	203.0	362.0	122	367.0	1	408.0
22	1	1	166611	177.0	174.0	143.0	3000	171907	170454	1453	433.0	433	[3, 2, 4, 1, 2, 4, 3, 1]	[3, 2, 4, 1, 2, 4, 3, 1]	170021	A	163.0	219.0	122	267.0	0	310.0
23	1	1	173421	171.0	223.0	156.0	3000	178605	177109	1496	378.0	378	[3, 2, 4, 1, 2, 4, 3, 1]	[3, 2, 4, 1, 2, 4, 3, 1]	176731	A	256.0	232.0	122	207.0	0	251.0
24	1	1	180320	164.0	221.0	175.0	3000	185469	184053	1416	323.0	323	[3, 2, 4, 1, 2, 4, 3, 1]	[3, 2, 4, 1, 2, 4, 3, 1]	183730	A	213.0	219.0	122	214.0	0	210.0
25	0	1	187184		374.0	314.0	3000	193364	190700	2160	404.0	404	[2, 1, 4, 2, 3, 4, 1, 2]	[2, 1, 4, 2, 3, 4, 1, 3]	190296	B	250.0	321.0	122	368.0	0	222.0
26	1	1	194729	154.0	223.0	169.0	3000	199471	198122	1349	380.0	380	[3, 2, 4, 1, 2, 4, 3, 1]	[3, 2, 4, 1, 2, 4, 3, 1]	197742	A	201.0	196.0	122	194.0	0	212.0
27	0	1	200986		542.0	371.0	3000	207899	204901	2137	505.0	505	[4, 1, 2, 3, 1, 4]	[4, 1, 2, 3, 1, 4, 3, 2]	204396	random		391.0	122	360.0	1	473.0
28	1	1	208967	184.0	216.0	183.0	3000	213997	212520	1477	342.0	342	[3, 2, 4, 1, 2, 4, 3, 1]	[3, 2, 4, 1, 2, 4, 3, 1]	212178	A	197.0	291.0	122	185.0	0	221.0
29	1	1	215713	153.0	215.0	174.0	3000	220563	219232	1331	306.0	306	[3, 2, 4, 1, 2, 4, 3, 1]	[3, 2, 4, 1, 2, 4, 3, 1]	218926	A	216.0	192.0	122	188.0	0	193.0
30	1	1	222078	176.0	209.0	175.0	3000	226740	225406	1334	317.0	317	[3, 2, 4, 1, 2, 4, 3, 1]	[3, 2, 4, 1, 2, 4, 3, 1]	225089	A	176.0	208.0	122	183.0	0	207.0
31	1	1	229355	170.0	200.0	144.0	3000	234219	232990	1229	417.0	417	[3, 2, 4, 1, 2, 4, 3, 1]	[3, 2, 4, 1, 2, 4, 3, 1]	232573	A	166.0	213.0	122	199.0	0	137.0
32	1	1	235734	173.0	196.0	137.0	3000	240501	239266	1235	422.0	422	[3, 2, 4, 1, 2, 4, 3, 1]	[3, 2, 4, 1, 2, 4, 3, 1]	238844	A	129.0	220.0	122	200.0	0	180.0
33	1	1	242021	160.0	191.0	120.0	3000	247589	246342	1247	307.0	307	[3, 2, 4, 1, 2, 4, 3, 1]	[3, 2, 4, 1, 2, 4, 3, 1]	246035	A	242.0	196.0	122	181.0	0	157.0
34	0	1	250204		324.0	320.0	3000	256944	254511	1929	493.0	493	[2, 1, 4, 2, 3, 4, 1, 2]	[2, 1, 4, 2, 3, 4, 1, 3]	254018	B	196.0	326.0	122	294.0	0	166.0
35	1	2	959	440.0	277.0	285.0	3000	6775	4699	2076	330.0	330	[2, 1, 4, 2, 3, 4, 1, 3]	[2, 1, 4, 2, 3, 4, 1, 3]	4369	B	228.0	294.0	122	315.0	0	237.0
36	1	2	8291	183.0	184.0	192.0	3000	13012	11691	1321	382.0	382	[3, 2, 4, 1, 2, 4, 3, 1]	[3, 2, 4, 1, 2, 4, 3, 1]	11309	A	154.0	199.0	122	204.0	0	205.0
37	1	2	14631	158.0	172.0	148.0	3000	19267	18094	1173	352.0	352	[3, 2, 4, 1, 2, 4, 3, 1]	[3, 2, 4, 1, 2, 4, 3, 1]	17742	A	145.0	187.0	122	202.0	0	161.0
38	1	2	20884	145.0	173.0	164.0	3000	25376	24215	1161	320.0	320	[3, 2, 4, 1, 2, 4, 3, 1]	[3, 2, 4, 1, 2, 4, 3, 1]	23895	A	165.0	192.0	122	175.0	0	147.0
39	1	2	27091	143.0	211.0	124.0	3000	31955	30563	1392	262.0	262	[3, 2, 4, 1, 2, 4, 3, 1]	[3, 2, 4, 1, 2, 4, 3, 1]	30301	A	218.0	367.0	122	188.0	0	141.0
40	1	2	33870	156.0	176.0	130.0	3000	38441	37230	1211	249.0	249	[3, 2, 4, 1, 2, 4, 3, 1]	[3, 2, 4, 1, 2, 4, 3, 1]	36981	A	137.0	237.0	122	201.0	0	174.0
41	1	2	39956	159.0	179.0	130.0	3000	44526	43290	1236	317.0	317	[3, 2, 4, 1, 2, 4, 3, 1]	[3, 2, 4, 1, 2, 4, 3, 1]	42973	A	178.0	216.0	122	203.0	0	171.0
42	1	2	46441	151.0	191.0	126.0	3000	51116	49914	1202	259.0	259	[3, 2, 4, 1, 2, 4, 3, 1]	[3, 2, 4, 1, 2, 4, 3, 1]	49655	A	142.0	227.0	122	196.0	0	169.0
43	1	2	52632	432.0	333.0	294.0	3000	58264	55999	2265	357.0	357	[2, 1, 4, 2, 3, 4, 1, 3]	[2, 1, 4, 2, 3, 4, 1, 3]	55642	B	213.0	296.0	122	517.0	0	180.0
44	0	2	59979		556.0	391.0	3000	67205	64203	2455	501.0	501	[4, 1, 2, 3, 2, 4, 1]	[4, 1, 2, 3, 2, 4, 1, 3]	63702	random	250.0	410.0	122	372.0	1	476.0
45	0	2	68576		205.0	157.0	3000	74748	72894	1350	391.0	391	[3, 2, 4, 1, 2, 4, 1]	[3, 2, 4, 1, 2, 4, 3, 1]	72503	A		251.0	122	173.0	0	188.0
46	1	2	76014	158.0	195.0	151.0	3000	80692	79375	1317	351.0	351	[3, 2, 4, 1, 2, 4, 3, 1]	[3, 2, 4, 1, 2, 4, 3, 1]	79024	A	180.0	244.0	122	196.0	0	193.0
47	0	2	82407		524.0	390.0	3000	89442	86848	2089	526.0	526	[1, 2, 4, 3, 4, 3]	[1, 2, 4, 3, 4, 2, 3, 1]	86322	random			122	458.0	0	341.0
48	1	2	90509	180.0	211.0	165.0	3000	95738	94361	1377	342.0	342	[3, 2, 4, 1, 2, 4, 3, 1]	[3, 2, 4, 1, 2, 4, 3, 1]	94019	A	188.0	263.0	122	203.0	0	167.0
49	1	2	97254	173.0	205.0	171.0	3000	102771	101388	1382	321.0	321	[3, 2, 4, 1, 2, 4, 3, 1]	[3, 2, 4, 1, 2, 4, 3, 1]	101067	A	186.0	198.0	122	203.0	0	247.0
50	1	2	105088	412.0	300.0	264.0	3000	111883	109827	2056	423.0	423	[2, 1, 4, 2, 3, 4, 1, 3]	[2, 1, 4, 2, 3, 4, 1, 3]	109404	B	303.0	243.0	122	335.0	0	199.0
51	1	2	113398	173.0	192.0	184.0	3000	118200	116806	1394	396.0	396	[3, 2, 4, 1, 2, 4, 3, 1]	[3, 2, 4, 1, 2, 4, 3, 1]	116410	A	200.0	230.0	122	219.0	0	196.0
52	0	2	120019		475.0	548.0	3000	127341	124365	2209	527.0	527	[4, 2, 1, 3, 2, 1]	[4, 2, 1, 3, 2, 1, 3, 4]	123838	random		368.0	122	483.0	1	335.0
53	1	2	129009	395.0	310.0	234.0	3000	135023	132930	2093	500.0	500	[2, 1, 4, 2, 3, 4, 1, 3]	[2, 1, 4, 2, 3, 4, 1, 3]	132430	B	257.0	364.0	122	315.0	0	218.0
54	1	2	136838	172.0	197.0	200.0	3000	141808	140452	1356	403.0	403	[3, 2, 4, 1, 2, 4, 3, 1]	[3, 2, 4, 1, 2, 4, 3, 1]	140049	A	218.0	202.0	122	199.0	0	168.0
55	1	2	143829	177.0	209.0	143.0	3000	148639	147305	1334	356.0	356	[3, 2, 4, 1, 2, 4, 3, 1]	[3, 2, 4, 1, 2, 4, 3, 1]	146949	A	188.0	220.0	122	208.0	0	189.0
56	1	2	150254	253.0	210.0	221.0	3000	155281	153695	1586	330.0	330	[3, 2, 4, 1, 2, 4, 3, 1]	[3, 2, 4, 1, 2, 4, 3, 1]	153365	A	216.0	226.0	122	258.0	0	202.0
57	1	2	157496	165.0	178.0	161.0	3000	162075	160825	1250	310.0	310	[3, 2, 4, 1, 2, 4, 3, 1]	[3, 2, 4, 1, 2, 4, 3, 1]	160515	A	176.0	214.0	122	187.0	0	169.0
58	1	2	163791	185.0	181.0	173.0	3000	168449	167129	1320	328.0	328	[3, 2, 4, 1, 2, 4, 3, 1]	[3, 2, 4, 1, 2, 4, 3, 1]	166801	A	171.0	222.0	122	224.0	0	164.0
59	1	2	170165	159.0	184.0	175.0	3000	175220	173919	1301	343.0	343	[3, 2, 4, 1, 2, 4, 3, 1]	[3, 2, 4, 1, 2, 4, 3, 1]	173576	A	198.0	200.0	122	193.0	0	192.0
60	1	2	177936	317.0	274.0	203.0	3000	183708	181822	1886	472.0	472	[2, 1, 4, 2, 3, 4, 1, 3]	[2, 1, 4, 2, 3, 4, 1, 3]	181350	B	252.0	349.0	122	296.0	0	195.0
61	1	2	185223	185.0	191.0	194.0	3000	190076	188711	1365	375.0	375	[3, 2, 4, 1, 2, 4, 3, 1]	[3, 2, 4, 1, 2, 4, 3, 1]	188336	A	177.0	203.0	122	188.0	0	227.0
62	0	2	191892		304.0	436.0	3000	198376	195469	2403	563.0	563	[1, 3, 4, 2, 3, 4, 1]	[1, 3, 4, 2, 3, 4, 2, 1]	194906	random		360.0	122	544.0	0	473.0
63	1	2	199342	207.0	220.0	199.0	3000	205890	204313	1577	356.0	356	[3, 2, 4, 1, 2, 4, 3, 1]	[3, 2, 4, 1, 2, 4, 3, 1]	203957	A	202.0	224.0	122	260.0	0	265.0
64	1	2	207505	194.0	185.0	195.0	3000	212486	211112	1374	396.0	396	[3, 2, 4, 1, 2, 4, 3, 1]	[3, 2, 4, 1, 2, 4, 3, 1]	210716	A	196.0	214.0	122	198.0	0	192.0
65	1	2	214002	171.0	189.0	153.0	3000	218745	217395	1350	379.0	379	[3, 2, 4, 1, 2, 4, 3, 1]	[3, 2, 4, 1, 2, 4, 3, 1]	217016	A	241.0	196.0	122	201.0	0	199.0
66	0	2	221261			420.0	3000	227296	225191	1600	918.0	918	[2, 3, 1, 4, 2]	[2, 3, 1, 4, 3, 2, 4, 1]	224273	random			122	486.0	0	323.0
67	0	2	228261		175.0	169.0	3000	233490	231672	1314	395.0	395	[3, 2, 4, 1, 2, 4, 1]	[3, 2, 4, 1, 2, 4, 3, 1]	231277	A		212.0	122	165.0	0	220.0
68	1	2	234556	200.0	202.0	191.0	3000	240075	238584	1491	411.0	411	[3, 2, 4, 1, 2, 4, 3, 1]	[3, 2, 4, 1, 2, 4, 3, 1]	238173	A	209.0	240.0	122	197.0	0	252.0
69	1	2	242090	200.0	194.0	186.0	3000	247525	246090	1435	477.0	477	[3, 2, 4, 1, 2, 4, 3, 1]	[3, 2, 4, 1, 2, 4, 3, 1]	245613	A	201.0	229.0	122	209.0	0	216.0
70	0	3	1009				3000	6254	5420	329	494.0	494	[4, 2]	[4, 1, 3, 2, 1, 3, 2, 4]	4926	random			122		0	
71	1	3	7527	155.0	190.0	105.0	3000	12488	11160	1328	623.0	623	[3, 2, 4, 1, 2, 4, 3, 1]	[3, 2, 4, 1, 2, 4, 3, 1]	10537	A	180.0	218.0	122	223.0	0	257.0
72	1	3	14004	153.0	224.0	122.0	3000	18816	17528	1288	411.0	411	[3, 2, 4, 1, 2, 4, 3, 1]	[3, 2, 4, 1, 2, 4, 3, 1]	17117	A	197.0	216.0	122	170.0	0	206.0
73	1	3	20632	188.0	155.0	160.0	3000	26303	25064	1239	411.0	411	[3, 2, 4, 1, 2, 4, 3, 1]	[3, 2, 4, 1, 2, 4, 3, 1]	24653	A	152.0	235.0	122	185.0	0	164.0
74	0	3	28319				3000	32840	31892	444	354.0	354	[3, 2, 1]	[3, 2, 4, 1, 2, 4, 3, 1]	31538	A			122		0	178.0
75	1	3	34707	191.0	251.0	191.0	3000	39561	38127	1434	304.0	304	[3, 2, 4, 1, 2, 4, 3, 1]	[3, 2, 4, 1, 2, 4, 3, 1]	37823	A	171.0	224.0	122	229.0	0	177.0
76	1	3	41777	195.0	148.0	191.0	3000	46489	45176	1313	389.0	389	[3, 2, 4, 1, 2, 4, 3, 1]	[3, 2, 4, 1, 2, 4, 3, 1]	44787	A	194.0	231.0	122	191.0	0	163.0
77	0	3	48112		513.0	394.0	3000	55134	52122	2438	491.0	491	[2, 3, 4, 1, 3, 2, 4]	[2, 3, 4, 1, 3, 2, 4, 1]	51631	random	379.0	447.0	122	360.0	1	345.0
78	1	3	56204	283.0	168.0	201.0	3000	61177	59639	1538	324.0	324	[3, 2, 4, 1, 2, 4, 3, 1]	[3, 2, 4, 1, 2, 4, 3, 1]	59315	A	187.0	262.0	122	222.0	0	215.0
79	1	3	63093	216.0	171.0	162.0	3000	68073	66725	1348	321.0	321	[3, 2, 4, 1, 2, 4, 3, 1]	[3, 2, 4, 1, 2, 4, 3, 1]	66404	A	194.0	240.0	122	190.0	0	175.0
80	1	3	69789	239.0	217.0	201.0	3000	74807	73309	1498	310.0	310	[3, 2, 4, 1, 2, 4, 3, 1]	[3, 2, 4, 1, 2, 4, 3, 1]	72999	A	152.0	252.0	122	258.0	0	179.0
81	1	3	76823	321.0	321.0	295.0	3000	82522	80285	2237	452.0	452	[2, 1, 4, 2, 3, 4, 1, 3]	[2, 1, 4, 2, 3, 4, 1, 3]	79833	B	247.0	292.0	122	342.0	0	419.0
82	0	3	84043		464.0	375.0	3000	91058	88055	2243	500.0	500	[1, 4, 2, 3, 1, 3]	[1, 4, 2, 3, 1, 3, 2, 4]	87555	random		474.0	122	514.0	1	416.0
83	1	3	92327	325.0	171.0	235.0	3000	97308	95669	1639	331.0	331	[3, 2, 4, 1, 2, 4, 3, 1]	[3, 2, 4, 1, 2, 4, 3, 1]	95338	A	202.0	247.0	122	260.0	0	199.0
84	1	3	99025	225.0	166.0	247.0	3000	104762	103207	1555	368.0	368	[3, 2, 4, 1, 2, 4, 3, 1]	[3, 2, 4, 1, 2, 4, 3, 1]	102839	A	192.0	252.0	122	250.0	0	223.0
85	1	3	106578	217.0	212.0	190.0	3000	111509	109984	1525	292.0	292	[3, 2, 4, 1, 2, 4, 3, 1]	[3, 2, 4, 1, 2, 4, 3, 1]	109692	A	220.0	233.0	122	225.0	0	228.0
86	1	3	113432	220.0	183.0	221.0	3000	118948	117465	1483	416.0	416	[3, 2, 4, 1, 2, 4, 3, 1]	[3, 2, 4, 1, 2, 4, 3, 1]	117049	A	194.0	213.0	122	247.0	0	205.0
87	1	3	121566	355.0	225.0	271.0	3000	128221	126272	1949	480.0	480	[2, 1, 4, 2, 3, 4, 1, 3]	[2, 1, 4, 2, 3, 4, 1, 3]	125792	B	271.0	261.0	122	337.0	0	229.0
88	1	3	130039	219.0	187.0	192.0	3000	135020	133593	1427	443.0	443	[3, 2, 4, 1, 2, 4, 3, 1]	[3, 2, 4, 1, 2, 4, 3, 1]	133150	A	192.0	220.0	122	212.0	0	205.0
89	0	3	137137		294.0	203.0	3000	143271	141509	1257	449.0	449	[3, 2, 4, 1, 2, 3]	[3, 2, 4, 1, 2, 4, 3, 1]	141060	A			122	201.0	0	197.0
90	1	3	144344	208.0	201.0	233.0	3000	149797	148185	1612	622.0	622	[3, 2, 4, 1, 2, 4, 3, 1]	[3, 2, 4, 1, 2, 4, 3, 1]	147563	A	231.0	260.0	122	249.0	0	230.0
91	0	3	151518		552.0	354.0	3000	158034	154996	2530	466.0	466	[3, 4, 2, 1, 4, 3]	[3, 4, 2, 1, 4, 3, 1, 2]	154530	random		582.0	122	588.0	1	454.0
92	1	3	160312	218.0	198.0	206.0	3000	165289	163825	1464	394.0	394	[3, 2, 4, 1, 2, 4, 3, 1]	[3, 2, 4, 1, 2, 4, 3, 1]	163431	A	214.0	197.0	122	200.0	0	231.0
93	1	3	166906	277.0	192.0	220.0	3000	172414	170885	1529	368.0	368	[3, 2, 4, 1, 2, 4, 3, 1]	[3, 2, 4, 1, 2, 4, 3, 1]	170517	A	209.0	200.0	122	217.0	0	214.0
94	1	3	174130	217.0	246.0	202.0	3000	179426	177874	1552	334.0	334	[3, 2, 4, 1, 2, 4, 3, 1]	[3, 2, 4, 1, 2, 4, 3, 1]	177540	A	184.0	249.0	122	228.0	0	226.0
95	1	3	181043	209.0	191.0	229.0	3000	185876	184408	1468	351.0	351	[3, 2, 4, 1, 2, 4, 3, 1]	[3, 2, 4, 1, 2, 4, 3, 1]	184057	A	200.0	210.0	122	211.0	0	218.0
96	1	3	187500	206.0	176.0	189.0	3000	193005	191566	1439	355.0	355	[3, 2, 4, 1, 2, 4, 3, 1]	[3, 2, 4, 1, 2, 4, 3, 1]	191211	A	221.0	227.0	122	211.0	0	209.0
97	0	3	194526		418.0	534.0	3000	201315	198451	2360	614.0	614	[2, 1, 4, 3, 2, 4, 1]	[2, 1, 4, 3, 2, 4, 3, 1]	197837	random		366.0	122	406.0	0	431.0
98	1	3	202282	322.0	321.0	386.0	3000	207773	205742	2031	349.0	349	[2, 1, 4, 2, 3, 4, 1, 3]	[2, 1, 4, 2, 3, 4, 1, 3]	205393	B	261.0	219.0	122	311.0	0	211.0
99	1	3	209490	195.0	555.0	398.0	3000	215191	212999	2192	499.0	499	[3, 2, 4, 1, 2, 4, 3, 1]	[3, 2, 4, 1, 2, 4, 3, 1]	212500	A	205.0	367.0	122	256.0	0	216.0
100	1	3	216709	194.0	206.0	198.0	3000	221589	220156	1433	337.0	337	[3, 2, 4, 1, 2, 4, 3, 1]	[3, 2, 4, 1, 2, 4, 3, 1]	219819	A	197.0	217.0	122	237.0	0	184.0
101	1	3	223106	316.0	362.0	298.0	3000	228562	226513	2049	397.0	397	[2, 1, 4, 2, 3, 4, 1, 3]	[2, 1, 4, 2, 3, 4, 1, 3]	226116	B	366.0	230.0	122	307.0	0	170.0
102	1	3	230178	224.0	219.0	184.0	3000	234952	233568	1384	378.0	378	[3, 2, 4, 1, 2, 4, 3, 1]	[3, 2, 4, 1, 2, 4, 3, 1]	233190	A	172.0	185.0	122	223.0	0	177.0
103	1	3	236669	282.0	231.0	208.0	3000	241683	240101	1582	422.0	422	[2, 1, 4, 2, 3, 4, 1, 3]	[2, 1, 4, 2, 3, 4, 1, 3]	239679	B	214.0	204.0	122	275.0	0	168.0
104	1	3	244400	192.0	231.0	193.0	3000	249456	248008	1447	291.0	291	[3, 2, 4, 1, 2, 4, 3, 1]	[3, 2, 4, 1, 2, 4, 3, 1]	247717	A	176.0	242.0	122	201.0	0	213.0
105	0	4	1109		393.0	359.0	3000	8623	5626	2458	506.0	506	[2, 4, 3, 1, 4, 3, 2]	[2, 4, 3, 1, 4, 3, 2, 1]	5120	random	331.0	541.0	122	422.0	1	412.0
106	1	4	9893	180.0	219.0	191.0	3000	15902	14373	1529	459.0	459	[3, 2, 4, 1, 2, 4, 3, 1]	[3, 2, 4, 1, 2, 4, 3, 1]	13914	A	217.0	223.0	122	256.0	0	243.0
107	1	4	17421	701.0	208.0	202.0	3000	22923	20972	1951	440.0	440	[2, 1, 4, 2, 3, 4, 1, 3]	[2, 1, 4, 2, 3, 4, 1, 3]	20532	B	218.0	201.0	122	214.0	0	207.0
108	1	4	24442	203.0	349.0	233.0	3000	29867	28234	1633	381.0	381	[3, 2, 4, 1, 2, 4, 3, 1]	[3, 2, 4, 1, 2, 4, 3, 1]	27853	A	185.0	231.0	122	236.0	0	196.0
109	1	4	31585	249.0	211.0	203.0	3000	36740	35206	1534	409.0	409	[3, 2, 4, 1, 2, 4, 3, 1]	[3, 2, 4, 1, 2, 4, 3, 1]	34797	A	209.0	232.0	122	246.0	0	184.0
110	0	4	38257		508.0	401.0	3000	45281	42355	2233	577.0	577	[2, 3, 4, 1, 3, 1]	[2, 3, 4, 1, 3, 1, 2, 4]	41778	random		506.0	122	343.0	1	475.0
111	1	4	46349	226.0	225.0	186.0	3000	51435	49927	1508	467.0	467	[3, 2, 4, 1, 2, 4, 3, 1]	[3, 2, 4, 1, 2, 4, 3, 1]	49460	A	192.0	225.0	122	229.0	0	225.0
112	1	4	53252	200.0	171.0	175.0	3000	58114	56671	1443	408.0	408	[3, 2, 4, 1, 2, 4, 3, 1]	[3, 2, 4, 1, 2, 4, 3, 1]	56263	A	177.0	251.0	122	234.0	0	235.0
113	0	4	60031		420.0	401.0	3000	66550	63654	2320	607.0	607	[3, 4, 2, 1, 4, 1]	[3, 4, 2, 1, 4, 1, 3, 2]	63047	random		481.0	122	555.0	1	463.0
114	1	4	67617	189.0	183.0	220.0	3000	72728	71094	1634	465.0	465	[3, 2, 4, 1, 2, 4, 3, 1]	[3, 2, 4, 1, 2, 4, 3, 1]	70629	A	189.0	233.0	122	410.0	0	210.0
115	1	4	74545	171.0	190.0	179.0	3000	79257	77922	1335	367.0	367	[3, 2, 4, 1, 2, 4, 3, 1]	[3, 2, 4, 1, 2, 4, 3, 1]	77555	A	178.0	209.0	122	207.0	0	201.0
116	1	4	81275	342.0	218.0	178.0	3000	88018	86398	1620	507.0	507	[2, 1, 4, 2, 3, 4, 1, 3]	[2, 1, 4, 2, 3, 4, 1, 3]	85891	B	196.0	205.0	122	289.0	0	192.0
117	1	4	90035	212.0	268.0	192.0	3000	95303	93813	1490	368.0	368	[3, 2, 4, 1, 2, 4, 3, 1]	[3, 2, 4, 1, 2, 4, 3, 1]	93445	A	182.0	233.0	122	225.0	0	178.0
118	1	4	97221	220.0	268.0	209.0	3000	103599	102030	1569	493.0	493	[3, 2, 4, 1, 2, 4, 3, 1]	[3, 2, 4, 1, 2, 4, 3, 1]	101537	A	172.0	236.0	122	235.0	0	229.0
119	1	4	105215	234.0	207.0	192.0	3000	110288	108754	1534	426.0	426	[3, 2, 4, 1, 2, 4, 3, 1]	[3, 2, 4, 1, 2, 4, 3, 1]	108328	A	187.0	214.0	122	261.0	0	239.0
120	0	4	111807		465.0	390.0	3000	118921	116065	2231	647.0	647	[2, 1, 3, 4, 1, 4]	[2, 1, 3, 4, 1, 4, 2, 3]	115418	random		444.0	122	458.0	1	474.0
121	1	4	120187	175.0	189.0	166.0	3000	125301	123984	1317	681.0	681	[3, 2, 4, 1, 2, 4, 3, 1]	[3, 2, 4, 1, 2, 4, 3, 1]	123303	A	180.0	192.0	122	236.0	0	179.0
122	1	4	128018	188.0	161.0	212.0	3000	133905	132557	1348	524.0	524	[3, 2, 4, 1, 2, 4, 3, 1]	[3, 2, 4, 1, 2, 4, 3, 1]	132033	A	173.0	202.0	122	244.0	0	168.0
123	1	4	135422	266.0	218.0	217.0	3000	141108	139423	1685	390.0	390	[2, 1, 4, 2, 3, 4, 1, 3]	[2, 1, 4, 2, 3, 4, 1, 3]	139033	B	240.0	234.0	122	259.0	0	251.0
124	1	4	142729	208.0	320.0	193.0	3000	148655	147157	1498	512.0	512	[3, 2, 4, 1, 2, 4, 3, 1]	[3, 2, 4, 1, 2, 4, 3, 1]	146645	A	176.0	208.0	122	202.0	0	191.0
125	1	4	150172	208.0	234.0	229.0	3000	155785	154312	1473	329.0	329	[3, 2, 4, 1, 2, 4, 3, 1]	[3, 2, 4, 1, 2, 4, 3, 1]	153983	A	152.0	197.0	122	255.0	0	198.0
126	1	4	158102	175.0	313.0	140.0	3000	163218	161810	1408	391.0	391	[3, 2, 4, 1, 2, 4, 3, 1]	[3, 2, 4, 1, 2, 4, 3, 1]	161419	A	174.0	203.0	122	242.0	0	161.0
127	1	4	164836	197.0	243.0	151.0	3000	169579	168208	1371	261.0	261	[3, 2, 4, 1, 2, 4, 3, 1]	[3, 2, 4, 1, 2, 4, 3, 1]	167947	A	193.0	211.0	122	216.0	0	160.0
128	1	4	171096	178.0	271.0	145.0	3000	176256	174814	1442	401.0	401	[3, 2, 4, 1, 2, 4, 3, 1]	[3, 2, 4, 1, 2, 4, 3, 1]	174413	A	208.0	223.0	122	225.0	0	192.0
129	1	4	177773	162.0	213.0	139.0	3000	182472	181171	1301	387.0	387	[3, 2, 4, 1, 2, 4, 3, 1]	[3, 2, 4, 1, 2, 4, 3, 1]	180784	A	176.0	227.0	122	218.0	0	166.0
130	1	4	183990	253.0	218.0	206.0	3000	190162	188622	1540	421.0	421	[2, 1, 4, 2, 3, 4, 1, 3]	[2, 1, 4, 2, 3, 4, 1, 3]	188201	B	193.0	206.0	122	269.0	0	195.0
131	1	4	191679	216.0	160.0	195.0	3000	197211	195852	1359	463.0	463	[3, 2, 4, 1, 2, 4, 3, 1]	[3, 2, 4, 1, 2, 4, 3, 1]	195389	A	162.0	216.0	122	215.0	0	195.0
132	0	4	198932		445.0	268.0	3000	206045	203026	2328	484.0	484	[4, 1, 2, 3, 1, 3, 4]	[4, 1, 2, 3, 1, 3, 4, 2]	202542	random	354.0	386.0	122	500.0	1	375.0
133	1	4	207218	237.0	183.0	245.0	3000	212515	210907	1608	576.0	576	[3, 2, 4, 1, 2, 4, 3, 1]	[3, 2, 4, 1, 2, 4, 3, 1]	210331	A	167.0	321.0	122	242.0	0	213.0
134	1	4	214132	206.0	189.0	205.0	3000	218947	217527	1420	377.0	377	[3, 2, 4, 1, 2, 4, 3, 1]	[3, 2, 4, 1, 2, 4, 3, 1]	217150	A	187.0	201.0	122	222.0	0	210.0
135	1	4	220563	197.0	180.0	187.0	3000	225322	223954	1368	381.0	381	[3, 2, 4, 1, 2, 4, 3, 1]	[3, 2, 4, 1, 2, 4, 3, 1]	223573	A	188.0	207.0	122	209.0	0	200.0
136	1	4	226840	197.0	178.0	189.0	3000	231621	230226	1395	376.0	376	[3, 2, 4, 1, 2, 4, 3, 1]	[3, 2, 4, 1, 2, 4, 3, 1]	229850	A	185.0	198.0	122	226.0	0	222.0
137	1	4	233138	198.0	187.0	219.0	3000	238166	236787	1379	339.0	339	[3, 2, 4, 1, 2, 4, 3, 1]	[3, 2, 4, 1, 2, 4, 3, 1]	236448	A	171.0	198.0	122	207.0	0	199.0
138	1	4	239884	227.0	240.0	222.0	3000	245252	243697	1555	402.0	402	[2, 1, 4, 2, 3, 4, 1, 3]	[2, 1, 4, 2, 3, 4, 1, 3]	243295	B	217.0	212.0	122	253.0	0	184.0
139	1	4	246771	170.0	253.0	211.0	3000	251531	250069	1462	284.0	284	[3, 2, 4, 1, 2, 4, 3, 1]	[3, 2, 4, 1, 2, 4, 3, 1]	249785	A	191.0	248.0	122	195.0	0	194.0
140	1	5	1209	273.0	114.0	272.0	3000	6241	4604	1637	385.0	385	[3, 2, 4, 1, 2, 4, 3, 1]	[3, 2, 4, 1, 2, 4, 3, 1]	4219	A	224.0	269.0	122	272.0	0	213.0
141	0	5	8259		315.0	420.0	3000	14878	12148	2014	773.0	773	[3, 2, 1, 4, 2, 4]	[3, 2, 1, 4, 2, 4, 1, 3]	11375	random		484.0	122	491.0	1	304.0
142	1	5	15845	231.0	186.0	249.0	3000	21940	20343	1597	387.0	387	[3, 2, 4, 1, 2, 4, 3, 1]	[3, 2, 4, 1, 2, 4, 3, 1]	19956	A	197.0	259.0	122	251.0	0	224.0
143	1	5	23557	379.0	235.0	203.0	3000	29679	27975	1704	308.0	308	[2, 1, 4, 2, 3, 4, 1, 3]	[2, 1, 4, 2, 3, 4, 1, 3]	27667	B	187.0	208.0	122	294.0	0	198.0
144	1	5	31197	170.0	196.0	200.0	3000	36124	34733	1391	522.0	522	[3, 2, 4, 1, 2, 4, 3, 1]	[3, 2, 4, 1, 2, 4, 3, 1]	34211	A	195.0	217.0	122	226.0	0	187.0
145	1	5	38241	204.0	207.0	187.0	3000	43324	41857	1467	301.0	301	[3, 2, 4, 1, 2, 4, 3, 1]	[3, 2, 4, 1, 2, 4, 3, 1]	41556	A	209.0	245.0	122	224.0	0	191.0
146	1	5	44842	230.0	186.0	206.0	3000	49775	48324	1451	272.0	272	[3, 2, 4, 1, 2, 4, 3, 1]	[3, 2, 4, 1, 2, 4, 3, 1]	48052	A	205.0	220.0	122	237.0	0	167.0
147	1	5	51492	218.0	238.0	182.0	3000	56779	55284	1495	282.0	282	[3, 2, 4, 1, 2, 4, 3, 1]	[3, 2, 4, 1, 2, 4, 3, 1]	55002	A	228.0	216.0	122	231.0	0	182.0
148	1	5	58596	225.0	203.0	179.0	3000	64285	62873	1412	365.0	365	[3, 2, 4, 1, 2, 4, 3, 1]	[3, 2, 4, 1, 2, 4, 3, 1]	62508	A	188.0	209.0	122	222.0	0	186.0
149	1	5	66006	198.0	213.0	191.0	3000	70880	69448	1432	423.0	423	[3, 2, 4, 1, 2, 4, 3, 1]	[3, 2, 4, 1, 2, 4, 3, 1]	69025	A	190.0	209.0	122	227.0	0	204.0
150	1	5	73001	227.0	261.0	277.0	3000	78561	76774	1787	556.0	556	[2, 1, 4, 2, 3, 4, 1, 3]	[2, 1, 4, 2, 3, 4, 1, 3]	76218	B	218.0	228.0	122	340.0	0	236.0
151	1	5	80679	173.0	211.0	184.0	3000	85940	84529	1411	340.0	340	[3, 2, 4, 1, 2, 4, 3, 1]	[3, 2, 4, 1, 2, 4, 3, 1]	84189	A	186.0	231.0	122	214.0	0	212.0
152	1	5	87457	165.0	190.0	182.0	3000	92375	91026	1349	557.0	557	[3, 2, 4, 1, 2, 4, 3, 1]	[3, 2, 4, 1, 2, 4, 3, 1]	90469	A	189.0	229.0	122	214.0	0	180.0
153	1	5	93992	281.0	225.0	231.0	3000	99396	97671	1725	366.0	366	[2, 1, 4, 2, 3, 4, 1, 3]	[2, 1, 4, 2, 3, 4, 1, 3]	97305	B	191.0	217.0	122	374.0	0	206.0
154	1	5	100914	171.0	198.0	206.0	3000	105798	104438	1360	412.0	412	[3, 2, 4, 1, 2, 4, 3, 1]	[3, 2, 4, 1, 2, 4, 3, 1]	104026	A	183.0	202.0	122	194.0	0	206.0
155	1	5	107315	187.0	279.0	182.0	3000	112879	111385	1494	359.0	359	[3, 2, 4, 1, 2, 4, 3, 1]	[3, 2, 4, 1, 2, 4, 3, 1]	111026	A	171.0	247.0	122	225.0	0	203.0
156	1	5	114499	157.0	242.0	164.0	3000	119432	118005	1427	394.0	394	[3, 2, 4, 1, 2, 4, 3, 1]	[3, 2, 4, 1, 2, 4, 3, 1]	117611	A	172.0	274.0	122	194.0	0	224.0
157	0	5	121354		399.0	381.0	3000	128368	125322	2388	457.0	457	[1, 3, 4, 2, 1, 4, 3]	[1, 3, 4, 2, 1, 4, 3, 2]	124865	random	467.0	342.0	122	397.0	1	402.0
158	1	5	129338	261.0	208.0	207.0	3000	134341	132820	1521	371.0	371	[2, 1, 4, 2, 3, 4, 1, 3]	[2, 1, 4, 2, 3, 4, 1, 3]	132449	B	194.0	205.0	122	253.0	0	193.0
159	1	5	135959	188.0	457.0	177.0	3000	141364	139714	1650	345.0	345	[3, 2, 4, 1, 2, 4, 3, 1]	[3, 2, 4, 1, 2, 4, 3, 1]	139369	A	207.0	256.0	122	198.0	0	167.0
160	1	5	142881	179.0	185.0	226.0	3000	147823	146391	1432	491.0	491	[3, 2, 4, 1, 2, 4, 3, 1]	[3, 2, 4, 1, 2, 4, 3, 1]	145900	A	206.0	218.0	122	243.0	0	175.0
161	0	5	149641		403.0	447.0	3000	156661	153695	2161	537.0	537	[1, 4, 3, 2, 4, 1]	[1, 4, 3, 2, 4, 1, 2, 3]	153158	random		275.0	122	578.0	1	458.0
162	1	5	158031	190.0	212.0	191.0	3000	163483	162069	1414	424.0	424	[3, 2, 4, 1, 2, 4, 3, 1]	[3, 2, 4, 1, 2, 4, 3, 1]	161645	A	177.0	213.0	122	234.0	0	197.0
163	1	5	165604	178.0	228.0	177.0	3000	170821	169434	1387	419.0	419	[3, 2, 4, 1, 2, 4, 3, 1]	[3, 2, 4, 1, 2, 4, 3, 1]	169015	A	178.0	205.0	122	244.0	0	177.0
164	1	5	172346	156.0	271.0	202.0	3000	177704	176309	1395	652.0	652	[3, 2, 4, 1, 2, 4, 3, 1]	[3, 2, 4, 1, 2, 4, 3, 1]	175657	A	187.0	184.0	122	228.0	0	167.0
165	1	5	179322	184.0	226.0	191.0	3000	184723	183348	1375	315.0	315	[3, 2, 4, 1, 2, 4, 3, 1]	[3, 2, 4, 1, 2, 4, 3, 1]	183033	A	175.0	206.0	122	218.0	0	175.0
166	1	5	186242	181.0	211.0	201.0	3000	191028	189651	1377	398.0	398	[3, 2, 4, 1, 2, 4, 3, 1]	[3, 2, 4, 1, 2, 4, 3, 1]	189253	A	168.0	199.0	122	227.0	0	190.0
167	0	5	193047		467.0	410.0	3000	200262	197427	2085	668.0	668	[3, 4, 1, 2, 1, 2]	[3, 4, 1, 2, 1, 2, 3, 4]	196759	random		479.0	122	309.0	1	419.0
168	1	5	201638	242.0	207.0	183.0	3000	206771	205348	1423	395.0	395	[2, 1, 4, 2, 3, 4, 1, 3]	[2, 1, 4, 2, 3, 4, 1, 3]	204953	B	164.0	210.0	122	227.0	0	190.0
169	1	5	209489	201.0	218.0	195.0	3000	214585	213075	1510	376.0	376	[3, 2, 4, 1, 2, 4, 3, 1]	[3, 2, 4, 1, 2, 4, 3, 1]	212699	A	183.0	337.0	122	209.0	0	167.0
170	0	5	216303		486.0	334.0	3000	223516	220575	2377	562.0	562	[2, 3, 4, 1, 4, 2, 1]	[2, 3, 4, 1, 4, 2, 1, 3]	220013	random	374.0	375.0	122	274.0	1	534.0
171	1	5	224784	170.0	221.0	199.0	3000	229725	228322	1403	528.0	528	[3, 2, 4, 1, 2, 4, 3, 1]	[3, 2, 4, 1, 2, 4, 3, 1]	227794	A	197.0	223.0	122	201.0	0	192.0
172	1	5	231543	163.0	207.0	215.0	3000	236523	235016	1507	356.0	356	[3, 2, 4, 1, 2, 4, 3, 1]	[3, 2, 4, 1, 2, 4, 3, 1]	234660	A	188.0	326.0	122	214.0	0	194.0
173	1	5	238341	182.0	236.0	187.0	3000	243686	242269	1417	311.0	311	[3, 2, 4, 1, 2, 4, 3, 1]	[3, 2, 4, 1, 2, 4, 3, 1]	241958	A	155.0	237.0	122	237.0	0	183.0
174	1	5	245905	197.0	204.0	210.0	3000	250686	249260	1426	344.0	344	[3, 2, 4, 1, 2, 4, 3, 1]	[3, 2, 4, 1, 2, 4, 3, 1]	248916	A	182.0	205.0	122	199.0	0	229.0
175	1	6	1108	285.0	250.0	188.0	3000	6094	4473	1621	255.0	255	[3, 2, 4, 1, 2, 4, 3, 1]	[3, 2, 4, 1, 2, 4, 3, 1]	4218	A	208.0	224.0	122	224.0	0	242.0
176	1	6	7713	275.0	228.0	201.0	3000	12712	11096	1616	373.0	373	[2, 1, 4, 2, 3, 4, 1, 3]	[2, 1, 4, 2, 3, 4, 1, 3]	10723	B	198.0	251.0	122	282.0	0	181.0
177	1	6	14830	184.0	215.0	184.0	3000	21104	19758	1346	315.0	315	[3, 2, 4, 1, 2, 4, 3, 1]	[3, 2, 4, 1, 2, 4, 3, 1]	19443	A	149.0	199.0	122	227.0	0	187.0
178	0	6	22724		431.0	371.0	3000	29337	26378	2197	544.0	544	[2, 3, 4, 1, 4, 1]	[2, 3, 4, 1, 4, 1, 3, 2]	25834	random		511.0	122	343.0	1	541.0
179	1	6	30407	158.0	177.0	200.0	3000	35586	34290	1296	368.0	368	[3, 2, 4, 1, 2, 4, 3, 1]	[3, 2, 4, 1, 2, 4, 3, 1]	33922	A	169.0	197.0	122	215.0	0	180.0
180	1	6	37404	161.0	169.0	202.0	3000	42224	40931	1293	317.0	317	[3, 2, 4, 1, 2, 4, 3, 1]	[3, 2, 4, 1, 2, 4, 3, 1]	40614	A	164.0	200.0	122	215.0	0	182.0
181	1	6	44042	207.0	294.0	233.0	3000	49942	48280	1662	328.0	328	[2, 1, 4, 2, 3, 4, 1, 3]	[2, 1, 4, 2, 3, 4, 1, 3]	47952	B	188.0	236.0	122	342.0	0	162.0
182	1	6	51660	172.0	169.0	196.0	3000	56536	55242	1294	371.0	371	[3, 2, 4, 1, 2, 4, 3, 1]	[3, 2, 4, 1, 2, 4, 3, 1]	54871	A	177.0	201.0	122	180.0	0	199.0
183	1	6	59454	177.0	238.0	176.0	3000	64834	63434	1400	370.0	370	[3, 2, 4, 1, 2, 4, 3, 1]	[3, 2, 4, 1, 2, 4, 3, 1]	63064	A	186.0	198.0	122	215.0	0	210.0
184	0	6	66752		518.0	326.0	3000	73665	70951	2140	789.0	789	[1, 2, 3, 4, 3, 2]	[1, 2, 3, 4, 3, 2, 4, 1]	70162	random		285.0	122	412.0	1	599.0
185	1	6	75434	178.0	170.0	192.0	3000	80182	78917	1265	467.0	467	[3, 2, 4, 1, 2, 4, 3, 1]	[3, 2, 4, 1, 2, 4, 3, 1]	78450	A	158.0	192.0	122	183.0	0	192.0
186	1	6	81803	208.0	161.0	223.0	3000	86653	85284	1369	368.0	368	[2, 1, 4, 2, 3, 4, 1, 3]	[2, 1, 4, 2, 3, 4, 1, 3]	84916	B	187.0	199.0	122	251.0	0	140.0
187	1	6	89072	158.0	181.0	205.0	3000	93782	92502	1280	419.0	419	[3, 2, 4, 1, 2, 4, 3, 1]	[3, 2, 4, 1, 2, 4, 3, 1]	92083	A	158.0	193.0	122	185.0	0	200.0
188	1	6	95407	179.0	140.0	193.0	3000	100134	98874	1260	355.0	355	[3, 2, 4, 1, 2, 4, 3, 1]	[3, 2, 4, 1, 2, 4, 3, 1]	98519	A	188.0	209.0	122	179.0	0	172.0
189	1	6	101652	196.0	123.0	250.0	3000	106359	105041	1318	379.0	379	[3, 2, 4, 1, 2, 4, 3, 1]	[3, 2, 4, 1, 2, 4, 3, 1]	104662	A	196.0	204.0	122	179.0	0	170.0
190	1	6	107978	212.0	142.0	236.0	3000	113607	112246	1361	354.0	354	[3, 2, 4, 1, 2, 4, 3, 1]	[3, 2, 4, 1, 2, 4, 3, 1]	111892	A	181.0	227.0	122	157.0	0	206.0
191	1	6	115325	235.0	182.0	215.0	3000	120121	118685	1436	344.0	344	[3, 2, 4, 1, 2, 4, 3, 1]	[3, 2, 4, 1, 2, 4, 3, 1]	118341	A	147.0	212.0	122	237.0	0	208.0
192	1	6	121639	197.0	248.0	242.0	3000	126800	125229	1571	379.0	379	[3, 2, 4, 1, 2, 4, 3, 1]	[3, 2, 4, 1, 2, 4, 3, 1]	124850	A	184.0	252.0	122	251.0	0	197.0
193	1	6	128519	203.0	170.0	219.0	3000	133311	131917	1394	387.0	387	[3, 2, 4, 1, 2, 4, 3, 1]	[3, 2, 4, 1, 2, 4, 3, 1]	131530	A	152.0	261.0	122	192.0	0	197.0
194	1	6	134830	231.0	182.0	190.0	3000	139644	138311	1333	266.0	266	[3, 2, 4, 1, 2, 4, 3, 1]	[3, 2, 4, 1, 2, 4, 3, 1]	138045	A	127.0	219.0	122	219.0	0	165.0
195	1	6	141162	213.0	154.0	183.0	3000	146013	144619	1394	446.0	446	[3, 2, 4, 1, 2, 4, 3, 1]	[3, 2, 4, 1, 2, 4, 3, 1]	144173	A	161.0	281.0	122	255.0	0	147.0
196	1	6	147532	283.0	233.0	173.0	3000	152729	151084	1645	541.0	541	[2, 1, 4, 2, 3, 4, 1, 3]	[2, 1, 4, 2, 3, 4, 1, 3]	150543	B	130.0	191.0	122	264.0	0	371.0
197	1	6	154347	231.0	156.0	196.0	3000	159070	157752	1317	395.0	395	[3, 2, 4, 1, 2, 4, 3, 1]	[3, 2, 4, 1, 2, 4, 3, 1]	157357	A	106.0	235.0	122	219.0	0	175.0
198	1	6	160588	245.0	196.0	215.0	3000	166112	164545	1567	238.0	238	[3, 2, 4, 1, 2, 4, 3, 1]	[3, 2, 4, 1, 2, 4, 3, 1]	164307	A	102.0	311.0	122	264.0	0	234.0
199	1	6	167832	171.0	272.0	438.0	3000	173457	171759	1698	316.0	316	[3, 2, 4, 1, 2, 4, 3, 1]	[3, 2, 4, 1, 2, 4, 3, 1]	171443	A	115.0	292.0	122	217.0	0	193.0
200	1	6	175075	213.0	191.0	174.0	3000	179816	178353	1463	267.0	267	[2, 1, 4, 2, 3, 4, 1, 3]	[2, 1, 4, 2, 3, 4, 1, 3]	178086	B	260.0	218.0	122	242.0	0	165.0
201	1	6	181539	170.0	166.0	171.0	3000	186089	184844	1245	292.0	292	[3, 2, 4, 1, 2, 4, 3, 1]	[3, 2, 4, 1, 2, 4, 3, 1]	184552	A	120.0	231.0	122	211.0	0	176.0
202	1	6	187708	167.0	181.0	198.0	3000	194867	193535	1332	416.0	416	[3, 2, 4, 1, 2, 4, 3, 1]	[3, 2, 4, 1, 2, 4, 3, 1]	193119	A	143.0	242.0	122	225.0	0	176.0
203	0	6	196786		300.0	342.0	3000	202644	200424	1716	528.0	528	[4, 1, 2, 3, 4, 1]	[4, 1, 2, 3, 4, 2, 3, 1]	199896	random			122	374.0	0	430.0
204	0	6	203817		599.0	388.0	3000	211030	208090	2172	563.0	563	[2, 1, 3, 4, 3]	[2, 1, 3, 4, 3, 4, 1, 2]	207527	random			122	660.0	1	525.0
205	1	6	212103	196.0	199.0	186.0	3000	217049	215634	1415	316.0	316	[3, 2, 4, 1, 2, 4, 3, 1]	[3, 2, 4, 1, 2, 4, 3, 1]	215318	A	164.0	254.0	122	238.0	0	178.0
206	1	6	218768	174.0	251.0	194.0	3000	224660	222913	1747	728.0	728	[3, 2, 4, 1, 2, 4, 3, 1]	[3, 2, 4, 1, 2, 4, 3, 1]	222185	A	138.0	249.0	122	381.0	0	360.0
207	0	6	227081		548.0	503.0	3000	233797	230853	2208	559.0	559	[2, 3, 1, 4, 3]	[2, 3, 1, 4, 3, 2, 1, 4]	230294	random			122	589.0	1	568.0
208	1	6	234785	128.0	293.0	159.0	3000	240425	238858	1567	1063.0	1063	[3, 2, 4, 1, 2, 4, 3, 1]	[3, 2, 4, 1, 2, 4, 3, 1]	237795	A	135.0	230.0	122	383.0	0	239.0
209	1	6	241947	225.0	248.0	169.0	3000	247598	246155	1443	496.0	496	[3, 2, 4, 1, 2, 4, 3, 1]	[3, 2, 4, 1, 2, 4, 3, 1]	245659	A	167.0	243.0	122	220.0	0	171.0
210	0	7	1609		444.0	449.0	3000	8424	5438	2458	518.0	518	[3, 4, 1, 2, 1, 3, 4]	[3, 4, 1, 2, 1, 3, 4, 2]	4920	random	323.0	401.0	122	419.0	1	422.0
211	1	7	9595	198.0	228.0	130.0	3000	14798	13475	1323	270.0	270	[3, 2, 4, 1, 2, 4, 3, 1]	[3, 2, 4, 1, 2, 4, 3, 1]	13205	A	152.0	211.0	122	212.0	0	192.0
212	1	7	16417	189.0	195.0	144.0	3000	21919	20687	1232	260.0	260	[3, 2, 4, 1, 2, 4, 3, 1]	[3, 2, 4, 1, 2, 4, 3, 1]	20427	A	137.0	196.0	122	205.0	0	166.0
213	1	7	24038	194.0	146.0	259.0	3000	28955	27532	1423	383.0	383	[3, 2, 4, 1, 2, 4, 3, 1]	[3, 2, 4, 1, 2, 4, 3, 1]	27149	A	142.0	257.0	122	214.0	0	211.0
214	1	7	30575	176.0	275.0	216.0	3000	36085	34388	1697	503.0	503	[3, 2, 4, 1, 2, 4, 3, 1]	[3, 2, 4, 1, 2, 4, 3, 1]	33885	A	121.0	270.0	122	420.0	0	219.0
215	1	7	39011	218.0	202.0	215.0	3000	44228	42698	1530	473.0	473	[2, 1, 4, 2, 3, 4, 1, 3]	[2, 1, 4, 2, 3, 4, 1, 3]	42225	B	207.0	232.0	122	278.0	0	178.0
216	1	7	46248	176.0	147.0	195.0	3000	51569	50314	1255	356.0	356	[3, 2, 4, 1, 2, 4, 3, 1]	[3, 2, 4, 1, 2, 4, 3, 1]	49958	A	114.0	218.0	122	231.0	0	174.0
217	0	7	53488		384.0	369.0	3000	60502	57563	2272	564.0	564	[3, 4, 2, 1, 2, 1]	[3, 4, 2, 1, 2, 1, 3, 4]	56999	random		549.0	122	555.0	1	415.0
218	1	7	61779	161.0	166.0	231.0	3000	66627	65192	1435	402.0	402	[3, 2, 4, 1, 2, 4, 3, 1]	[3, 2, 4, 1, 2, 4, 3, 1]	64790	A	179.0	248.0	122	245.0	0	205.0
219	1	7	68146	226.0	199.0	188.0	3000	73191	71673	1518	513.0	513	[2, 1, 4, 2, 3, 4, 1, 3]	[2, 1, 4, 2, 3, 4, 1, 3]	71160	B	231.0	229.0	122	279.0	0	166.0
220	1	7	74710	176.0	176.0	190.0	3000	79423	78113	1309	393.0	393	[3, 2, 4, 1, 2, 4, 3, 1]	[3, 2, 4, 1, 2, 4, 3, 1]	77720	A	163.0	214.0	122	211.0	0	180.0
221	1	7	81743	188.0	160.0	202.0	3000	86970	85650	1320	397.0	397	[3, 2, 4, 1, 2, 4, 3, 1]	[3, 2, 4, 1, 2, 4, 3, 1]	85253	A	129.0	220.0	122	217.0	0	204.0
222	0	7	88489				3000	93046	92542	0		730	[2]	[3, 2, 4, 1, 2, 4, 3, 1]	91812	A			122		0	
223	1	7	94018	200.0	166.0	190.0	3000	98786	97485	1301	355.0	355	[3, 2, 4, 1, 2, 4, 3, 1]	[3, 2, 4, 1, 2, 4, 3, 1]	97130	A	138.0	185.0	122	218.0	0	204.0
224	1	7	100411	186.0	156.0	155.0	3000	105088	103843	1245	421.0	421	[3, 2, 4, 1, 2, 4, 3, 1]	[3, 2, 4, 1, 2, 4, 3, 1]	103422	A	142.0	213.0	122	195.0	0	198.0
225	1	7	106608	184.0	154.0	180.0	3000	111702	110438	1264	311.0	311	[3, 2, 4, 1, 2, 4, 3, 1]	[3, 2, 4, 1, 2, 4, 3, 1]	110127	A	131.0	210.0	122	199.0	0	206.0
226	1	7	113321	157.0	168.0	143.0	3000	117974	116815	1159	482.0	482	[3, 2, 4, 1, 2, 4, 3, 1]	[3, 2, 4, 1, 2, 4, 3, 1]	116333	A	129.0	182.0	122	188.0	0	192.0
227	0	7	119695		437.0	341.0	3000	126209	123185	2311	479.0	479	[2, 3, 4, 1, 4, 1, 2]	[2, 3, 4, 1, 4, 1, 2, 3]	122706	random	419.0	348.0	122	303.0	1	463.0
228	0	7	127679		389.0	415.0	3000	134797	131803	2154	509.0	509	[4, 2, 1, 3, 1, 4]	[4, 2, 1, 3, 1, 4, 3, 2]	131294	random		531.0	122	435.0	1	384.0
229	1	7	136366	166.0	171.0	163.0	3000	141449	140263	1186	785.0	785	[3, 2, 4, 1, 2, 4, 3, 1]	[3, 2, 4, 1, 2, 4, 3, 1]	139478	A	115.0	185.0	122	193.0	0	193.0
230	1	7	143171	300.0	204.0	196.0	3000	148081	146490	1591	308.0	308	[2, 1, 4, 2, 3, 4, 1, 3]	[2, 1, 4, 2, 3, 4, 1, 3]	146182	B	174.0	230.0	122	298.0	0	189.0
231	0	7	149802		480.0	542.0	3000	156416	153607	2238	694.0	694	[2, 1, 4, 3, 1, 2]	[2, 1, 4, 3, 1, 2, 3, 4]	152913	random		515.0	122	405.0	1	296.0
232	1	7	157485	179.0	218.0	168.0	3000	162333	160898	1435	303.0	303	[3, 2, 4, 1, 2, 4, 3, 1]	[3, 2, 4, 1, 2, 4, 3, 1]	160595	A	155.0	217.0	122	232.0	0	266.0
233	1	7	163953	183.0	175.0	167.0	3000	168630	167319	1311	355.0	355	[3, 2, 4, 1, 2, 4, 3, 1]	[3, 2, 4, 1, 2, 4, 3, 1]	166964	A	156.0	218.0	122	208.0	0	204.0
234	1	7	170150	202.0	182.0	160.0	3000	174909	173644	1265	278.0	278	[3, 2, 4, 1, 2, 4, 3, 1]	[3, 2, 4, 1, 2, 4, 3, 1]	173366	A	113.0	218.0	122	225.0	0	165.0
235	1	7	176728	188.0	222.0	175.0	3000	182613	181006	1607	366.0	366	[3, 2, 4, 1, 2, 4, 3, 1]	[3, 2, 4, 1, 2, 4, 3, 1]	180640	A	148.0	262.0	122	402.0	0	210.0
236	1	7	184132	279.0	178.0	228.0	3000	190049	188299	1750	357.0	357	[3, 2, 4, 1, 2, 4, 3, 1]	[3, 2, 4, 1, 2, 4, 3, 1]	187942	A	235.0	416.0	122	177.0	0	237.0
237	1	7	191969	203.0	188.0	172.0	3000	197132	195765	1367	285.0	285	[3, 2, 4, 1, 2, 4, 3, 1]	[3, 2, 4, 1, 2, 4, 3, 1]	195480	A	174.0	210.0	122	223.0	0	197.0
238	1	7	198753	259.0	230.0	200.0	3000	203976	202384	1592	418.0	418	[2, 1, 4, 2, 3, 4, 1, 3]	[2, 1, 4, 2, 3, 4, 1, 3]	201966	B	209.0	237.0	122	261.0	0	196.0
239	1	7	205696	167.0	213.0	217.0	3000	210569	209217	1352	311.0	311	[3, 2, 4, 1, 2, 4, 3, 1]	[3, 2, 4, 1, 2, 4, 3, 1]	208906	A	140.0	241.0	122	184.0	0	190.0
240	1	7	212089	163.0	176.0	187.0	3000	217265	215972	1293	272.0	272	[3, 2, 4, 1, 2, 4, 3, 1]	[3, 2, 4, 1, 2, 4, 3, 1]	215700	A	147.0	227.0	122	202.0	0	191.0
241	1	7	218984	188.0	193.0	167.0	3000	223921	222641	1280	347.0	347	[3, 2, 4, 1, 2, 4, 3, 1]	[3, 2, 4, 1, 2, 4, 3, 1]	222294	A	88.0	213.0	122	213.0	0	218.0
242	1	7	226241	172.0	157.0	145.0	3000	230987	229778	1209	427.0	427	[3, 2, 4, 1, 2, 4, 3, 1]	[3, 2, 4, 1, 2, 4, 3, 1]	229351	A	124.0	235.0	122	192.0	0	184.0
243	1	7	232907	204.0	190.0	152.0	3000	237713	236430	1283	312.0	312	[3, 2, 4, 1, 2, 4, 3, 1]	[3, 2, 4, 1, 2, 4, 3, 1]	236118	A	99.0	224.0	122	203.0	0	211.0
244	1	7	239433	193.0	217.0	176.0	3000	245157	243732	1425	289.0	289	[2, 1, 4, 2, 3, 4, 1, 3]	[2, 1, 4, 2, 3, 4, 1, 3]	243443	B	198.0	207.0	122	280.0	0	154.0
245	1	8	1113	170.0	196.0	177.0	3000	5987	4718	1269	293.0	293	[3, 2, 4, 1, 2, 4, 3, 1]	[3, 2, 4, 1, 2, 4, 3, 1]	4425	A	136.0	185.0	122	179.0	0	226.0
246	1	8	8208	163.0	161.0	126.0	3000	12629	11522	1107	302.0	302	[3, 2, 4, 1, 2, 4, 3, 1]	[3, 2, 4, 1, 2, 4, 3, 1]	11220	A	125.0	193.0	122	156.0	0	183.0
247	1	8	14153	141.0	179.0	126.0	3000	18595	17556	1039	292.0	292	[3, 2, 4, 1, 2, 4, 3, 1]	[3, 2, 4, 1, 2, 4, 3, 1]	17264	A	110.0	172.0	122	170.0	0	141.0
248	1	8	20118	145.0	144.0	132.0	3000	25027	24011	1016	282.0	282	[3, 2, 4, 1, 2, 4, 3, 1]	[3, 2, 4, 1, 2, 4, 3, 1]	23729	A	118.0	173.0	122	151.0	0	153.0
249	1	8	27847	146.0	169.0	109.0	3000	32198	31173	1025	314.0	314	[3, 2, 4, 1, 2, 4, 3, 1]	[3, 2, 4, 1, 2, 4, 3, 1]	30859	A	107.0	168.0	122	146.0	0	180.0
250	0	8	33722		398.0	373.0	3000	39778	37190	2083	458.0	458	[4, 3, 1, 2, 1, 3]	[4, 3, 1, 2, 1, 2, 4, 3]	36732	random			122	384.0	0	553.0
251	1	8	41047	198.0	206.0	164.0	3000	45666	44377	1289	320.0	320	[2, 1, 4, 2, 3, 4, 1, 3]	[2, 1, 4, 2, 3, 4, 1, 3]	44057	B	143.0	197.0	122	248.0	0	133.0
252	1	8	47186	177.0	156.0	166.0	3000	51840	50698	1142	402.0	402	[3, 2, 4, 1, 2, 4, 3, 1]	[3, 2, 4, 1, 2, 4, 3, 1]	50296	A	104.0	197.0	122	186.0	0	156.0
253	1	8	53560	162.0	161.0	137.0	3000	58439	57275	1164	304.0	304	[3, 2, 4, 1, 2, 4, 3, 1]	[3, 2, 4, 1, 2, 4, 3, 1]	56971	A	102.0	229.0	122	189.0	0	184.0
254	1	8	59959	190.0	155.0	134.0	3000	64410	63285	1125	314.0	314	[3, 2, 4, 1, 2, 4, 3, 1]	[3, 2, 4, 1, 2, 4, 3, 1]	62971	A	97.0	203.0	122	172.0	0	174.0
255	1	8	66130	193.0	207.0	177.0	3000	71808	70412	1396	372.0	372	[2, 1, 4, 2, 3, 4, 1, 3]	[2, 1, 4, 2, 3, 4, 1, 3]	70040	B	186.0	211.0	122	252.0	0	170.0
256	1	8	73438	175.0	154.0	158.0	3000	78404	77146	1258	295.0	295	[3, 2, 4, 1, 2, 4, 3, 1]	[3, 2, 4, 1, 2, 4, 3, 1]	76851	A	89.0	303.0	122	173.0	0	206.0
257	0	8	79925		434.0	396.0	3000	86320	83983	1833	548.0	548	[2, 1, 3, 4, 2, 1]	[2, 1, 3, 4, 2, 4, 3, 1]	83435	random			122	425.0	0	361.0
258	1	8	87598	174.0	220.0	178.0	3000	92781	91245	1536	429.0	429	[3, 2, 4, 1, 2, 4, 3, 1]	[3, 2, 4, 1, 2, 4, 3, 1]	90816	A	123.0	220.0	122	432.0	0	189.0
259	1	8	95201	675.0	140.0	177.0	3000	100485	98739	1746	326.0	326	[3, 2, 4, 1, 2, 4, 3, 1]	[3, 2, 4, 1, 2, 4, 3, 1]	98413	A	149.0	219.0	122	192.0	0	194.0
260	1	8	102008	183.0	233.0	194.0	3000	106607	105314	1293	295.0	295	[3, 2, 4, 1, 2, 4, 3, 1]	[3, 2, 4, 1, 2, 4, 3, 1]	105019	A	143.0	212.0	122	197.0	0	131.0
261	1	8	108527	175.0	180.0	142.0	3000	113334	112063	1271	421.0	421	[3, 2, 4, 1, 2, 4, 3, 1]	[3, 2, 4, 1, 2, 4, 3, 1]	111642	A	129.0	266.0	122	190.0	0	189.0
262	0	8	115254		181.0	154.0	3000	120133	118664	965	396.0	396	[3, 2, 4, 1, 2, 3]	[3, 2, 4, 1, 2, 4, 3, 1]	118268	A			122	163.0	0	192.0
263	0	8	122009		370.0	375.0	3000	129424	126532	2223	611.0	611	[4, 3, 1, 2, 3, 1]	[4, 3, 1, 2, 3, 1, 2, 4]	125921	random		503.0	122	399.0	1	576.0
264	1	8	130398	218.0	165.0	148.0	3000	135719	134330	1389	321.0	321	[3, 2, 4, 1, 2, 4, 3, 1]	[3, 2, 4, 1, 2, 4, 3, 1]	134009	A	166.0	320.0	122	209.0	0	163.0
265	0	8	137439		488.0	312.0	3000	144054	141133	2386	582.0	582	[1, 2, 3, 4, 3, 1, 2]	[1, 2, 3, 4, 3, 1, 2, 4]	140551	random	425.0	421.0	122	346.0	1	394.0
266	1	8	145024	158.0	219.0	162.0	3000	149962	148706	1256	472.0	472	[3, 2, 4, 1, 2, 4, 3, 1]	[3, 2, 4, 1, 2, 4, 3, 1]	148234	A	118.0	221.0	122	194.0	0	184.0
267	1	8	152383	201.0	205.0	166.0	3000	157136	155753	1383	359.0	359	[2, 1, 4, 2, 3, 4, 1, 3]	[2, 1, 4, 2, 3, 4, 1, 3]	155394	B	189.0	196.0	122	238.0	0	188.0
268	1	8	159056	161.0	201.0	168.0	3000	164506	163277	1229	410.0	410	[3, 2, 4, 1, 2, 4, 3, 1]	[3, 2, 4, 1, 2, 4, 3, 1]	162867	A	110.0	222.0	122	194.0	0	173.0
269	0	8	166427		390.0	373.0	3000	173151	170291	2349	644.0	644	[2, 4, 3, 1, 2, 3, 1]	[2, 4, 3, 1, 2, 3, 1, 4]	169647	random	408.0	381.0	122	397.0	1	400.0
270	1	8	174624	236.0	202.0	227.0	3000	179613	178060	1553	424.0	424	[2, 1, 4, 2, 3, 4, 1, 3]	[2, 1, 4, 2, 3, 4, 1, 3]	177636	B	219.0	220.0	122	249.0	0	200.0
271	1	8	181934	169.0	204.0	167.0	3000	186632	185429	1203	276.0	276	[3, 2, 4, 1, 2, 4, 3, 1]	[3, 2, 4, 1, 2, 4, 3, 1]	185153	A	134.0	186.0	122	185.0	0	158.0
272	1	8	189452	141.0	202.0	146.0	3000	194055	192841	1214	378.0	378	[3, 2, 4, 1, 2, 4, 3, 1]	[3, 2, 4, 1, 2, 4, 3, 1]	192463	A	137.0	213.0	122	173.0	0	202.0
273	1	8	195580	174.0	194.0	158.0	3000	201917	200587	1330	396.0	396	[3, 2, 4, 1, 2, 4, 3, 1]	[3, 2, 4, 1, 2, 4, 3, 1]	200191	A	172.0	225.0	122	203.0	0	204.0
274	1	8	203840	170.0	247.0	167.0	3000	208858	207473	1385	322.0	322	[3, 2, 4, 1, 2, 4, 3, 1]	[3, 2, 4, 1, 2, 4, 3, 1]	207151	A	191.0	216.0	122	193.0	0	201.0
275	1	8	210486	198.0	210.0	193.0	3000	215214	213878	1336	280.0	280	[3, 2, 4, 1, 2, 4, 3, 1]	[3, 2, 4, 1, 2, 4, 3, 1]	213598	A	156.0	205.0	122	210.0	0	164.0
276	1	8	216835	191.0	210.0	220.0	3000	221829	220407	1422	352.0	352	[2, 1, 4, 2, 3, 4, 1, 3]	[2, 1, 4, 2, 3, 4, 1, 3]	220055	B	178.0	193.0	122	271.0	0	159.0
277	1	8	223349	183.0	174.0	218.0	3000	228525	227227	1298	368.0	368	[3, 2, 4, 1, 2, 4, 3, 1]	[3, 2, 4, 1, 2, 4, 3, 1]	226859	A	153.0	189.0	122	190.0	0	191.0
278	1	8	230445	171.0	246.0	191.0	3000	235364	233998	1366	339.0	339	[3, 2, 4, 1, 2, 4, 3, 1]	[3, 2, 4, 1, 2, 4, 3, 1]	233659	A	144.0	208.0	122	186.0	0	220.0
279	1	8	237187	201.0	144.0	217.0	3000	242012	240714	1298	315.0	315	[3, 2, 4, 1, 2, 4, 3, 1]	[3, 2, 4, 1, 2, 4, 3, 1]	240399	A	146.0	205.0	122	164.0	0	221.0
